accum,https://help.sumologic.com/Metrics/Metric-Queries-and-Alerts/03Metrics_Operators/accum
eval,https://help.sumologic.com/Metrics/Metric-Queries-and-Alerts/03Metrics_Operators/eval
max,https://help.sumologic.com/Metrics/Metric-Queries-and-Alerts/03Metrics_Operators/max
topk,https://help.sumologic.com/Metrics/Metric-Queries-and-Alerts/03Metrics_Operators/topk
histogram_quantile,https://help.sumologic.com/Metrics/Metric-Queries-and-Alerts/03Metrics_Operators/histogram_quantile
toLowerCase,https://help.sumologic.com/Search/Search-Query-Language/Search-Operators/toLowerCase-and-toUpperCase
count,https://help.sumologic.com/Search/Search_Query_Language/aaGroup/count%2C_count_distinct%2C_and_count_frequent
aaGroup,https://help.sumologic.com/Search/Search_Query_Language/aaGroup
Transactionize,https://help.sumologic.com/Search/Search_Query_Language/Transaction_Analytics/Transactionize_operator
aaGroup,https://help.sumologic.com/Search/Search_Query_Language/aaGroup
fields,https://help.sumologic.com/Search/Search_Query_Language/Search_Operators/fields
json,https://help.sumologic.com/05Search/Search-Query-Language/01-Parse-Operators/03-Parse-JSON-Formatted-Logs
count,https://help.sumologic.com/05Search/Search-Query-Language/aaGroup/count%2C-count-distinct%2C-and-count-frequent
avg,https://help.sumologic.com/05Search/Search-Query-Language/aaGroup/avg
min,https://help.sumologic.com/05Search/Search-Query-Language/aaGroup/min-and-max
standard-deviation,https://help.sumologic.com/05Search/Search-Query-Language/aaGroup/standard-deviation
sum,https://help.sumologic.com/05Search/Search-Query-Language/aaGroup/sum
first,https://help.sumologic.com/05Search/Search-Query-Language/aaGroup/first-and-last
fillmissing,https://help.sumologic.com/05Search/Search-Query-Language/aaGroup/fillmissing
pct-sampling,https://help.sumologic.com/05Search/Search-Query-Language/aaGroup/percentile-(pct)/pct-sampling
percentile-,https://help.sumologic.com/05Search/Search-Query-Language/aaGroup/percentile-(pct)
most-recent,https://help.sumologic.com/05Search/Search-Query-Language/aaGroup/most-recent-and-least-recent
median,https://help.sumologic.com/05Search/Search-Query-Language/aaGroup/median
aaGroup,https://help.sumologic.com/05Search/Search-Query-Language/aaGroup
Transactionize,https://help.sumologic.com/05Search/Search-Query-Language/Transaction-Analytics/Transactionize-operator
Transaction,https://help.sumologic.com/05Search/Search-Query-Language/Transaction-Analytics/Transaction-Operator
Transaction,https://help.sumologic.com/05Search/Search-Query-Language/Transaction-Analytics/Transaction-Operator
Merge,https://help.sumologic.com/05Search/Search-Query-Language/Transaction-Analytics/Merge-Operator
nodrop,https://help.sumologic.com/05Search/Search-Query-Language/01-Parse-Operators/Parse-nodrop-option
parseDate,https://help.sumologic.com/05Search/Search-Query-Language/01-Parse-Operators/parseDate
field,https://help.sumologic.com/05Search/Search-Query-Language/01-Parse-Operators/Parse-field-option
parse,https://help.sumologic.com/05Search/Search-Query-Language/01-Parse-Operators
regex,https://help.sumologic.com/05Search/Search-Query-Language/01-Parse-Operators
parseHex,https://help.sumologic.com/05Search/Search-Query-Language/01-Parse-Operators/parseHex
aaGroup,https://help.sumologic.com/05Search/Search-Query-Language/aaGroup
sort,https://help.sumologic.com/05Search/Search-Query-Language/Search-Operators/sort
join,https://help.sumologic.com/05Search/Search-Query-Language/Search-Operators/join
contains,https://help.sumologic.com/05Search/Search-Query-Language/Search-Operators/contains
toLowerCase,https://help.sumologic.com/05Search/Search-Query-Language/Search-Operators/toLowerCase-and-toUpperCase
format,https://help.sumologic.com/05Search/Search-Query-Language/Search-Operators/format
formatDate,https://help.sumologic.com/05Search/Search-Query-Language/Search-Operators/formatDate
sessionize,https://help.sumologic.com/05Search/Search-Query-Language/Search-Operators/sessionize
accum,https://help.sumologic.com/05Search/Search-Query-Language/Search-Operators/accum
isPublicIP,https://help.sumologic.com/05Search/Search-Query-Language/Search-Operators/isPublicIP
ipv4ToNumber,https://help.sumologic.com/05Search/Search-Query-Language/Search-Operators/ipv4ToNumber
urldecode,https://help.sumologic.com/05Search/Search-Query-Language/Search-Operators/urldecode
matches,https://help.sumologic.com/05Search/Search-Query-Language/Search-Operators/matches
now,https://help.sumologic.com/05Search/Search-Query-Language/Search-Operators/now
lookup,https://help.sumologic.com/05Search/Search-Query-Language/Search-Operators/lookup
outlier,https://help.sumologic.com/05Search/Search-Query-Language/Search-Operators/outlier
as,https://help.sumologic.com/05Search/Search-Query-Language/Search-Operators/as-operator
hexToDec,https://help.sumologic.com/05Search/Search-Query-Language/Search-Operators/hexToDec
filter,https://help.sumologic.com/05Search/Search-Query-Language/Search-Operators/filter-operator
where,https://help.sumologic.com/05Search/Search-Query-Language/Search-Operators/where
predict,https://help.sumologic.com/05Search/Search-Query-Language/Search-Operators/predict
CIDR,https://help.sumologic.com/05Search/Search-Query-Language/Search-Operators/CIDR
if,https://help.sumologic.com/05Search/Search-Query-Language/Search-Operators/if-operator-and
decToHex,https://help.sumologic.com/05Search/Search-Query-Language/Search-Operators/decToHex
isNull,https://help.sumologic.com/05Search/Search-Query-Language/Search-Operators/isNull%2C-isEmpty%2C-isBlank
length,https://help.sumologic.com/05Search/Search-Query-Language/Search-Operators/length
top,https://help.sumologic.com/05Search/Search-Query-Language/Search-Operators/top
replace,https://help.sumologic.com/05Search/Search-Query-Language/Search-Operators/replace
timeslice,https://help.sumologic.com/05Search/Search-Query-Language/Search-Operators/timeslice
queryTimeRange,https://help.sumologic.com/05Search/Search-Query-Language/Search-Operators/queryTimeRange()
backshift,https://help.sumologic.com/05Search/Search-Query-Language/Search-Operators/backshift
limit,https://help.sumologic.com/05Search/Search-Query-Language/Search-Operators/limit
trim,https://help.sumologic.com/05Search/Search-Query-Language/Search-Operators/trim
urlencode,https://help.sumologic.com/05Search/Search-Query-Language/Search-Operators/urlencode
fields,https://help.sumologic.com/05Search/Search-Query-Language/Search-Operators/fields
in,https://help.sumologic.com/05Search/Search-Query-Language/Search-Operators/in-operator
num,https://help.sumologic.com/05Search/Search-Query-Language/Search-Operators/num
base64Decode,https://help.sumologic.com/05Search/Search-Query-Language/Search-Operators/base64Decode
hexToAscii,https://help.sumologic.com/05Search/Search-Query-Language/Search-Operators/hexToAscii
save,https://help.sumologic.com/05Search/Search-Query-Language/Search-Operators/save
transpose,https://help.sumologic.com/05Search/Search-Query-Language/Search-Operators/transpose
isNumeric,https://help.sumologic.com/05Search/Search-Query-Language/Search-Operators/isNumeric
tourl,https://help.sumologic.com/05Search/Search-Query-Language/Search-Operators/tourl
isValidIP,https://help.sumologic.com/05Search/Search-Query-Language/Search-Operators/isValidIP
geo,https://help.sumologic.com/05Search/Search-Query-Language/Search-Operators/Geo-Lookup
Luhn,https://help.sumologic.com/05Search/Search-Query-Language/Search-Operators/Luhn
haversine,https://help.sumologic.com/05Search/Search-Query-Language/Search-Operators/haversine
topk,https://help.sumologic.com/05Search/Search-Query-Language/Search-Operators/topk
rollingstd,https://help.sumologic.com/05Search/Search-Query-Language/Search-Operators/rollingstd
base64Encode,https://help.sumologic.com/05Search/Search-Query-Language/Search-Operators/base64Encode
concat,https://help.sumologic.com/05Search/Search-Query-Language/Search-Operators/concat
smooth,https://help.sumologic.com/05Search/Search-Query-Language/Search-Operators/smooth
trace,https://help.sumologic.com/05Search/Search-Query-Language/Search-Operators/trace
diff,https://help.sumologic.com/05Search/Search-Query-Language/Search-Operators/diff
substring,https://help.sumologic.com/05Search/Search-Query-Language/Search-Operators/substring
total,https://help.sumologic.com/05Search/Search-Query-Language/Search-Operators/total
isPrivateIP,https://help.sumologic.com/05Search/Search-Query-Language/Search-Operators/isPrivateIP
atan,https://help.sumologic.com/05Search/Search-Query-Language/Math-Expressions/atan
asin,https://help.sumologic.com/05Search/Search-Query-Language/Math-Expressions/asin
cosh,https://help.sumologic.com/05Search/Search-Query-Language/Math-Expressions/cosh
toDegrees,https://help.sumologic.com/05Search/Search-Query-Language/Math-Expressions/toDegrees
round,https://help.sumologic.com/05Search/Search-Query-Language/Math-Expressions/round
cos,https://help.sumologic.com/05Search/Search-Query-Language/Math-Expressions/cos
sqrt,https://help.sumologic.com/05Search/Search-Query-Language/Math-Expressions/sqrt
tanh,https://help.sumologic.com/05Search/Search-Query-Language/Math-Expressions/tanh
cbrt,https://help.sumologic.com/05Search/Search-Query-Language/Math-Expressions/cbrt
exp,https://help.sumologic.com/05Search/Search-Query-Language/Math-Expressions/exp
log1p,https://help.sumologic.com/05Search/Search-Query-Language/Math-Expressions/log1p
toRadians,https://help.sumologic.com/05Search/Search-Query-Language/Math-Expressions/toRadians
ceil,https://help.sumologic.com/05Search/Search-Query-Language/Math-Expressions/ceil
hypot,https://help.sumologic.com/05Search/Search-Query-Language/Math-Expressions/hypot
sinh,https://help.sumologic.com/05Search/Search-Query-Language/Math-Expressions/sinh
log,https://help.sumologic.com/05Search/Search-Query-Language/Math-Expressions/log
expm1,https://help.sumologic.com/05Search/Search-Query-Language/Math-Expressions/expm1
abs,https://help.sumologic.com/05Search/Search-Query-Language/Math-Expressions/abs
log10,https://help.sumologic.com/05Search/Search-Query-Language/Math-Expressions/log10
atan2,https://help.sumologic.com/05Search/Search-Query-Language/Math-Expressions/atan2
acos,https://help.sumologic.com/05Search/Search-Query-Language/Math-Expressions/acos
sin,https://help.sumologic.com/05Search/Search-Query-Language/Math-Expressions/sin
tan,https://help.sumologic.com/05Search/Search-Query-Language/Math-Expressions/tan
